trial_id,condition,model,round
001,nominal,bc_clean,1
002,nominal,sac_clean,1
003,nominal,sac_dr,1
004,nominal,bc_dr,1
005,nominal,bc_dr,2
006,nominal,bc_clean,2
007,nominal,sac_dr,2
008,nominal,sac_clean,2
009,nominal,sac_dr,3
010,nominal,bc_dr,3
011,nominal,sac_clean,3
012,nominal,bc_clean,3
013,nominal,sac_clean,4
014,nominal,bc_clean,4
015,nominal,bc_dr,4
016,nominal,sac_dr,4
017,nominal,sac_clean,5
018,nominal,bc_clean,5
019,nominal,sac_dr,5
020,nominal,bc_dr,5
021,distractors,bc_clean,1
022,distractors,bc_dr,1
023,distractors,sac_dr,1
024,distractors,sac_clean,1
025,distractors,bc_clean,2
026,distractors,sac_dr,2
027,distractors,bc_dr,2
028,distractors,sac_clean,2
029,distractors,sac_clean,3
030,distractors,bc_clean,3
031,distractors,sac_dr,3
032,distractors,bc_dr,3
033,distractors,bc_dr,4
034,distractors,sac_clean,4
035,distractors,sac_dr,4
036,distractors,bc_clean,4
037,distractors,sac_clean,5
038,distractors,sac_dr,5
039,distractors,bc_dr,5
040,distractors,bc_clean,5
041,shadows,bc_clean,1
042,shadows,sac_dr,1
043,shadows,bc_dr,1
044,shadows,sac_clean,1
045,shadows,bc_clean,2
046,shadows,sac_dr,2
047,shadows,sac_clean,2
048,shadows,bc_dr,2
049,shadows,sac_dr,3
050,shadows,bc_clean,3
051,shadows,bc_dr,3
052,shadows,sac_clean,3
053,shadows,sac_clean,4
054,shadows,bc_dr,4
055,shadows,bc_clean,4
056,shadows,sac_dr,4
057,shadows,bc_dr,5
058,shadows,bc_clean,5
059,shadows,sac_dr,5
060,shadows,sac_clean,5
061,low_light,sac_clean,1
062,low_light,bc_dr,1
063,low_light,sac_dr,1
064,low_light,bc_clean,1
065,low_light,sac_clean,2
066,low_light,bc_dr,2
067,low_light,sac_dr,2
068,low_light,bc_clean,2
069,low_light,sac_dr,3
070,low_light,sac_clean,3
071,low_light,bc_dr,3
072,low_light,bc_clean,3
073,low_light,sac_dr,4
074,low_light,bc_clean,4
075,low_light,bc_dr,4
076,low_light,sac_clean,4
077,low_light,sac_clean,5
078,low_light,bc_dr,5
079,low_light,sac_dr,5
080,low_light,bc_clean,5
081,offset_start,bc_clean,1
082,offset_start,sac_clean,1
083,offset_start,sac_dr,1
084,offset_start,bc_dr,1
085,offset_start,bc_clean,2
086,offset_start,bc_dr,2
087,offset_start,sac_clean,2
088,offset_start,sac_dr,2
089,offset_start,sac_dr,3
090,offset_start,sac_clean,3
091,offset_start,bc_clean,3
092,offset_start,bc_dr,3
093,offset_start,sac_dr,4
094,offset_start,bc_dr,4
095,offset_start,sac_clean,4
096,offset_start,bc_clean,4
097,offset_start,bc_clean,5
098,offset_start,sac_clean,5
099,offset_start,bc_dr,5
100,offset_start,sac_dr,5
101,low_battery,bc_clean,1
102,low_battery,sac_clean,1
103,low_battery,sac_dr,1
104,low_battery,bc_dr,1
105,low_battery,bc_dr,2
106,low_battery,sac_dr,2
107,low_battery,sac_clean,2
108,low_battery,bc_clean,2
109,low_battery,sac_clean,3
110,low_battery,sac_dr,3
111,low_battery,bc_dr,3
112,low_battery,bc_clean,3
113,low_battery,bc_clean,4
114,low_battery,sac_dr,4
115,low_battery,sac_clean,4
116,low_battery,bc_dr,4
117,low_battery,bc_clean,5
118,low_battery,sac_clean,5
119,low_battery,sac_dr,5
120,low_battery,bc_dr,5
